model,split,rows,roc_auc,pr_auc,precision,recall,f1,recall_at_10,recall_at_20,lift_at_10,lift_at_20,base_churn_rate,mean_score
logistic_regression,test,119631,0.9568644777100709,0.6556752586179359,0.7091163767946772,0.6251286272895658,0.6644790812141099,0.7911092817452151,0.9221033134389792,7.910497700138902,4.61036241442799,0.08123312519330274,0.07755420308521369
random_forest,test,119631,0.9530306259155179,0.6730198530200066,0.7004837067209776,0.5662687795842766,0.6262660748833504,0.7650751183371064,0.91541469438156,7.650175650433499,4.57692043731184,0.08123312519330274,0.07295535435660488
dummy_prior,test,119631,0.5,0.08123312519330274,0.0,0.0,0.0,0.11041366536324347,0.21866639226178225,1.1040535942051304,1.0932954057202857,0.08123312519330274,0.026583971713011474
random_forest,train,331177,0.9265879642148185,0.44027568615443236,0.7274733357852151,0.224670604270786,0.34331337325349304,0.7383007723761926,0.8899363925488414,7.382940844653371,4.449641655219936,0.02658397171301147,0.02659318410305283
logistic_regression,train,331177,0.9262494366215082,0.4145806256799259,0.7259896729776247,0.2395502044525216,0.36023571611580835,0.7245570195365743,0.8850522489777374,7.245504561237516,4.425221158579928,0.02658397171301147,0.026588141359082815
dummy_prior,train,331177,0.5,0.02658397171301147,0.0,0.0,0.0,0.16628805088596094,0.3167878237164925,1.6628654456265441,1.5839247704414041,0.02658397171301147,0.026583971713011478
logistic_regression,valid,179306,0.9532155839640328,0.6101713140850125,0.7111081513052744,0.5371767783479223,0.6120249899696223,0.8098400241472985,0.9191065499547239,8.098219584504797,4.595430233845902,0.055430381582322955,0.053091410410995056
random_forest,valid,179306,0.9479579635235278,0.630193267157831,0.6972715461238631,0.48596438273468157,0.5727499110636785,0.7960559412415736,0.911761746654593,7.960381830364263,4.558707036574883,0.055430381582322955,0.050832627125466955
dummy_prior,valid,179306,0.5,0.055430381582322955,0.0,0.0,0.0,0.12556595230908543,0.243284032598853,1.2556315121707027,1.2163930274153683,0.055430381582322955,0.026583971713011474
